image_name,id,original_text,lowercase,diakritika
Arkadelphia.jpg,x793y213,Jedlo,jedlo,jedlo
Arkadelphia.jpg,x900y130,ID,id,id
Arkadelphia.jpg,x769y130,Meno,meno,meno
Arkadelphia.jpg,x124y213,Stravnik,stravnik,stravnik
Arkadelphia.jpg,x339y130,Adresa,adresa,adresa
Arkadelphia.jpg,x196y130,ID,id,id
Arkadelphia.jpg,x66y130,Meno,meno,meno
Arkadelphia.jpg,x518y763,Konec,konec,konec
Arkadelphia.jpg,x375y763,Zaciatok,zaciatok,zaciatok
Arkadelphia.jpg,x351y655,ID kuchara,id kuchara,id kuchara
Arkadelphia.jpg,x512y643,Hodiny,hodiny,hodiny
Arkadelphia.jpg,x66y596,Adresa,adresa,adresa
Arkadelphia.jpg,x267y548,pracuje,pracuje,pracuje
Arkadelphia.jpg,x471y548,Pracovna doba,pracovna doba,pracovna doba
Arkadelphia.jpg,x124y476,Kuchar,kuchar,kuchar
Arkadelphia.jpg,x793y476,Vytvara,vytvara,vytvara
Arkadelphia.jpg,x614y405,datum,datum,datum
Arkadelphia.jpg,x327y369,Plat,plat,plat
Arkadelphia.jpg,x196y369,ID,id,id
Arkadelphia.jpg,x66y369,Meno,meno,meno
Arkadelphia.jpg,x632y309,Den,den,den
Arkadelphia.jpg,x482y214,si Objednava,si objednava,si objednava
Arkadelphia.jpg,x470y106,Historia Objednavok,historia objednavok,historia objednavok
Arkadelphia.jpg,x518y46,ID jedla,id jedla,id jedla
Arkadelphia.jpg,x375y46,ID objednavatela,id objednavatela,id objednavatela
ArkansasPost.jpg,x464y551,Cena,cena,cena
ArkansasPost.jpg,x548y499,Jedlo,jedlo,jedlo
ArkansasPost.jpg,x366y422,do,do,do
ArkansasPost.jpg,x692y415,Datum,datum,datum
ArkansasPost.jpg,x831y419,Konzumuje,konzumuje,konzumuje
ArkansasPost.jpg,x472y415,pracuje,pracuje,pracuje
ArkansasPost.jpg,x699y362,Den,den,den
ArkansasPost.jpg,x358y362,od,od,od
ArkansasPost.jpg,x828y309,Stravnik,stravnik,stravnik
ArkansasPost.jpg,x472y309,Kuchár,kuchár,kuchar
ArkansasPost.jpg,x654y309,Vydava jedlo,vydava jedlo,vydava jedlo
ArkansasPost.jpg,x662y104,osoba,osoba,osoba
ArkansasPost.jpg,x722y35,Adresa,adresa,adresa
ArkansasPost.jpg,x593y35,Meno,meno,meno
Aspen.png,x615y770,názov,názov,nazov
Aspen.png,x484y757,cena,cena,cena
Aspen.png,x614y634,jedlo,jedlo,jedlo
Aspen.png,x360y590,deň,deň,den
Aspen.png,x491y497,moze si obrejednat,moze si obrejednat,moze si obrejednat
Aspen.png,x140y475,ID,id,id
Aspen.png,x944y456,plat,plat,plat
Aspen.png,x137y404,adresa,adresa,adresa
Aspen.png,x944y391,adresa,adresa,adresa
Aspen.png,x683y342,kuchár,kuchár,kuchar
Aspen.png,x316y342,stravník,stravník,stravnik
Aspen.png,x944y320,meno,meno,meno
Aspen.png,x137y326,meno,meno,meno
Aspen.png,x702y223,pracuje,pracuje,pracuje
Aspen.png,x888y205,Čas,čas,cas
Aspen.png,x888y137,datum,datum,datum
Aspen.png,x491y99,osoba,osoba,osoba
Aspen.png,x888y62,deň,deň,den
Aspen.png,x677y62,pracovná doba,pracovná doba,pracovna doba
Aurora.jpg,x152y378,Den,den,den
Aurora.jpg,x189y307,Odpracovane hodiny,odpracovane hodiny,odpracovane hodiny
Aurora.jpg,x95y307,Den v tyzdni,den v tyzdni,den v tyzdni
Aurora.jpg,x823y378,Kuchar,kuchar,kuchar
Aurora.jpg,x426y378,Pracuje,pracuje,pracuje
Aurora.jpg,x915y307,Plat,plat,plat
Aurora.jpg,x823y307,Adresa,adresa,adresa
Aurora.jpg,x729y307,Meno,meno,meno
Aurora.jpg,x822y208,Stravnici,stravnici,stravnici
Aurora.jpg,x605y208,Objednavka jedla,objednavka jedla,objednavka jedla
Aurora.jpg,x908y128,Pocet objednavok,pocet objednavok,pocet objednavok
Aurora.jpg,x814y128,Adresa,adresa,adresa
Aurora.jpg,x723y128,Meno,meno,meno
Aurora.jpg,x426y208,Obedy,obedy,obedy
Aurora.jpg,x142y208,Jedalen,jedalen,jedalen
Aurora.jpg,x294y208,Poskytuje,poskytuje,poskytuje
Aurora.jpg,x468y128,Cena,cena,cena
Aurora.jpg,x364y128,Nazov,nazov,nazov
Aurora.jpg,x142y128,Nazov,nazov,nazov
Blytheville.png,x418y670,Názov,názov,nazov
Blytheville.png,x418y566,Jedlo,jedlo,jedlo
Blytheville.png,x592y560,sa vari,sa vari,sa vari
Blytheville.png,x620y316,ID,id,id
Blytheville.png,x216y295,ID,id,id
Blytheville.png,x564y79,ID,id,id
Blytheville.png,x229y775,Názov dňa,názov dňa,nazov dna
Blytheville.png,x683y726,vari,vari,vari
Blytheville.png,x216y664,Deň,deň,den
Blytheville.png,x662y615,jedáleň,jedáleň,jedalen
Blytheville.png,x230y566,Obeduje,obeduje,obeduje
Blytheville.png,x682y462,Názov,názov,nazov
Blytheville.png,x543y392,Kuchár,kuchár,kuchar
Blytheville.png,x369y392,Stravnik,stravnik,stravnik
Blytheville.png,x449y293,o,o,o
Blytheville.png,x453y190,Osoba,osoba,osoba
Blytheville.png,x439y79,Adresa,adresa,adresa
Blytheville.png,x306y79,Meno,meno,meno
Boulder.png,x857y280,Plat,plat,plat
Boulder.png,x709y511,Obedy,obedy,obedy
Boulder.png,x281y507,Jedáleň,jedáleň,jedalen
Boulder.png,x242y214,Stravníci,stravníci,stravnici
Boulder.png,x594y212,Kuchári,kuchári,kuchari
Boulder.png,x858y160,Adresa,adresa,adresa
Boulder.png,x700y102,Meno,meno,meno
Boulder.png,x101y96,Meno,meno,meno
Boulder.png,x242y96,Adresa,adresa,adresa
Boulder.png,x374y102,Zľava,zľava,zlava
Brighton.png,x724y701,rok,rok,rok
Brighton.png,x544y701,den,den,den
Brighton.png,x377y618,nazov,nazov,nazov
Brighton.png,x640y606,datum,datum,datum
Brighton.png,x819y594,mesiac,mesiac,mesiac
Brighton.png,x652y486,den,den,den
Brighton.png,x377y486,jedlo,jedlo,jedlo
Brighton.png,x174y486,objednavka,objednavka,objednavka
Brighton.png,x461y367,kuchar,kuchar,kuchar
Brighton.png,x114y367,stravnik,stravnik,stravnik
Brighton.png,x784y367,pracuje,pracuje,pracuje
Brighton.png,x915y307,do,do,do
Brighton.png,x317y305,o,o,o
Brighton.png,x831y235,od,od,od
Brighton.png,x293y211,Osoba,osoba,osoba
Brighton.png,x485y68,ID,id,id
Brighton.png,x305y68,adresa,adresa,adresa
Brighton.png,x138y68,meno,meno,meno
CentralCity.png,x446y820,Plat,plat,plat
CentralCity.png,x447y692,kuchar,kuchar,kuchar
CentralCity.png,x233y692,Stravník,stravník,stravnik
CentralCity.png,x896y558,Zaciatok,zaciatok,zaciatok
CentralCity.png,x350y562,o,o,o
CentralCity.png,x725y488,Pracovná doba,pracovná doba,pracovna doba
CentralCity.png,x575y488,Pracuje,pracuje,pracuje
CentralCity.png,x131y456,Priezvisko,priezvisko,priezvisko
CentralCity.png,x350y424,Osoba,osoba,osoba
CentralCity.png,x896y419,Koniec,koniec,koniec
CentralCity.png,x120y370,Meno,meno,meno
CentralCity.png,x511y306,Datum,datum,datum
CentralCity.png,x351y306,Objednávka,objednávka,objednavka
CentralCity.png,x120y296,ID,id,id
CentralCity.png,x350y172,Jedlo,jedlo,jedlo
CentralCity.png,x511y170,Dátum,dátum,datum
CentralCity.png,x350y65,Meno jedla,meno jedla,meno jedla
CentralCity.png,x532y65,Mesiac,mesiac,mesiac
CentralCity.png,x446y65,Den,den,den
CentralCity.png,x623y60,Rok,rok,rok
Chickasaw.png,x334y713,Jedlo,jedlo,jedlo
Chickasaw.png,x183y709,Evidenčné číslo,evidenčné číslo,evidencne cislo
Chickasaw.png,x599y647,Pracuje,pracuje,pracuje
Chickasaw.png,x334y619,Objedna,objedna,objedna
Chickasaw.png,x798y571,Deň,deň,den
Chickasaw.png,x590y524,Kuchár,kuchár,kuchar
Chickasaw.png,x334y515,Stravník,stravník,stravnik
Chickasaw.png,x864y486,Pracovna doba,pracovna doba,pracovna doba
Chickasaw.png,x760y486,Rozvrh času,rozvrh času,rozvrh casu
Chickasaw.png,x646y458,Plat,plat,plat
Chickasaw.png,x258y458,Zlava,zlava,zlava
Chickasaw.png,x459y413,o,o,o
Chickasaw.png,x268y359,Adresa,adresa,adresa
Chickasaw.png,x457y316,Osoba,osoba,osoba
Chickasaw.png,x277y307,Meno,meno,meno
Chickasaw.png,x277y250,Občiansky preukaz,občiansky preukaz,obciansky preukaz
Chickasaw.png,x457y203,Navstevuje,navstevuje,navstevuje
Chickasaw.png,x457y99,Jedáleň,jedáleň,jedalen
Chickasaw.png,x306y70,ID,id,id
Chickasaw.png,x514y32,Lokalita,lokalita,lokalita
Chickasaw.png,x400y33,Názov,názov,nazov
ColoradoSprings.png,x447y654,Jedáleň,jedáleň,jedalen
ColoradoSprings.png,x180y654,Ponúka,ponúka,ponuka
ColoradoSprings.png,x447y409,Objednať,objednať,objednat
ColoradoSprings.png,x164y377,Deň,deň,den
ColoradoSprings.png,x532y335,Varí,varí,vari
ColoradoSprings.png,x249y249,Menu,menu,menu
ColoradoSprings.png,x79y249,Stravnik ID,stravnik id,stravnik id
ColoradoSprings.png,x724y430,Kuchár,kuchár,kuchar
ColoradoSprings.png,x750y292,Plat,plat,plat
ColoradoSprings.png,x447y207,Stravnik,stravnik,stravnik
ColoradoSprings.png,x649y78,ID,id,id
ColoradoSprings.png,x388y68,Adresa,adresa,adresa
ColoradoSprings.png,x217y57,Meno,meno,meno
ColoradoSprings.png,x852y40,Historia,historia,historia
CrippleCreek.jpg,x771y505,Koniec,koniec,koniec
CrippleCreek.jpg,x549y505,Zaciatok,zaciatok,zaciatok
CrippleCreek.jpg,x660y421,Pracoval,pracoval,pracoval
CrippleCreek.jpg,x433y376,Kuchar,kuchar,kuchar
CrippleCreek.jpg,x60y376,Stravnik,stravnik,stravnik
CrippleCreek.jpg,x876y354,Den,den,den
CrippleCreek.jpg,x432y310,Plat,plat,plat
CrippleCreek.jpg,x876y288,Datum,datum,datum
CrippleCreek.jpg,x255y286,o,o,o
CrippleCreek.jpg,x660y210,Objednal jedlo,objednal jedlo,objednal jedlo
CrippleCreek.jpg,x255y155,Clovek,clovek,clovek
CrippleCreek.jpg,x877y144,Jedlo,jedlo,jedlo
CrippleCreek.jpg,x344y66,Adresa,adresa,adresa
CrippleCreek.jpg,x144y66,Evidencne cislo,evidencne cislo,evidencne cislo
CrippleCreek.jpg,x940y55,Cena,cena,cena
CrippleCreek.jpg,x832y55,Nazov,nazov,nazov
CrippleCreek.jpg,x255y26,Meno,meno,meno
Demopolis.jpg,x417y518,názov,názov,nazov
Demopolis.jpg,x367y420,Jedlo,jedlo,jedlo
Demopolis.jpg,x848y325,názov,názov,nazov
Demopolis.jpg,x623y312,kuchár,kuchár,kuchar
Demopolis.jpg,x783y179,id,id,id
Demopolis.jpg,x133y497,den,den,den
Demopolis.jpg,x89y416,obeduje,obeduje,obeduje
Demopolis.jpg,x150y292,stravnik,stravnik,stravnik
Demopolis.jpg,x63y196,ID,id,id
Demopolis.jpg,x373y129,osoba,osoba,osoba
Demopolis.jpg,x529y44,ID,id,id
Demopolis.jpg,x365y43,adresa,adresa,adresa
Demopolis.jpg,x213y44,meno,meno,meno
Dothan.png,x256y544,Deň,deň,den
Dothan.png,x860y492,Plat,plat,plat
Dothan.png,x643y492,Pracovná doba,pracovná doba,pracovna doba
Dothan.png,x738y380,Kuchár,kuchár,kuchar
Dothan.png,x376y380,Stravnik,stravnik,stravnik
Dothan.png,x555y255,o,o,o
Dothan.png,x98y207,Jedlo,jedlo,jedlo
Dothan.png,x312y164,Objednať,objednať,objednat
Dothan.png,x556y145,Osoba,osoba,osoba
Dothan.png,x762y42,Adresa,adresa,adresa
Dothan.png,x626y42,Meno,meno,meno
Dothan.png,x485y42,Cislo občian. preukazu,cislo občian. preukazu,cislo obcian. preukazu
Englewood.png,x178y600,pracovnej,pracovnej,pracovnej
Englewood.png,x178y491,Zaciatok pracovnej doby,zaciatok pracovnej doby,zaciatok pracovnej doby
Englewood.png,x426y485,pracuje,pracuje,pracuje
Englewood.png,x389y841,Plat,plat,plat
Englewood.png,x928y739,Adresa,adresa,adresa
Englewood.png,x722y678,Id,id,id
Englewood.png,x450y690,Kuchar,kuchar,kuchar
Englewood.png,x843y639,Meno,meno,meno
Englewood.png,x862y557,Osoba,osoba,osoba
Englewood.png,x803y376,o,o,o
Englewood.png,x619y358,Datum,datum,datum
Englewood.png,x753y170,Stravnik,stravnik,stravnik
Englewood.png,x426y170,objednanie,objednanie,objednanie
Englewood.png,x160y158,Jedlo,jedlo,jedlo
Englewood.png,x220y43,Nazov,nazov,nazov
Englewood.png,x87y43,Kod,kod,kod
EstesPark.png,x321y504,adresa,adresa,adresa
EstesPark.png,x438y509,historia_objednavok,historia_objednavok,historia_objednavok
EstesPark.png,x190y504,meno,meno,meno
EstesPark.png,x68y504,stravnik_id,stravnik_id,stravnik_id
EstesPark.png,x559y489,percentualna_zlava,percentualna_zlava,percentualna_zlava
EstesPark.png,x560y469,percentualna_zlava,percentualna_zlava,percentualna_zlava
EstesPark.png,x261y433,Stravnik,stravnik,stravnik
EstesPark.png,x909y342,koniec_pracovnej_doby,koniec_pracovnej_doby,koniec_pracovnej_doby
EstesPark.png,x913y295,zaciatok_pracovnej_doby,zaciatok_pracovnej_doby,zaciatok_pracovnej_doby
EstesPark.png,x260y298,stravnik_si_objedna_jedlo,stravnik_si_objedna_jedlo,stravnik_si_objedna_jedlo
EstesPark.png,x574y317,kuchar_si_objedna_jedlo,kuchar_si_objedna_jedlo,kuchar_si_objedna_jedlo
EstesPark.png,x914y280,zaciatok_pracovnej_doby,zaciatok_pracovnej_doby,zaciatok_pracovnej_doby
EstesPark.png,x261y277,stravnik_si_objedna_jedlo,stravnik_si_objedna_jedlo,stravnik_si_objedna_jedlo
EstesPark.png,x919y241,deň,deň,den
EstesPark.png,x524y226,kuchar_vari_jedlo,kuchar_vari_jedlo,kuchar_vari_jedlo
EstesPark.png,x919y191,plat,plat,plat
EstesPark.png,x736y191,Kuchari,kuchari,kuchari
EstesPark.png,x261y160,Deň,deň,den
EstesPark.png,x89y160,jedalen_id,jedalen_id,jedalen_id
EstesPark.png,x574y110,kuchar_id,kuchar_id,kuchar_id
EstesPark.png,x828y100,adresa,adresa,adresa
EstesPark.png,x706y100,meno,meno,meno
EstesPark.png,x428y100,datum,datum,datum
EstesPark.png,x109y69,jedlo_3,jedlo_3,jedlo_3
EstesPark.png,x332y59,jedlo_2,jedlo_2,jedlo_2
EstesPark.png,x225y59,jedlo_1,jedlo_1,jedlo_1
FortMorgan.png,x797y676,Zaciatok p.d.,zaciatok p.d.,zaciatok p.d.
FortMorgan.png,x559y651,Deň,deň,den
FortMorgan.png,x810y597,Koniec p.d.,koniec p.d.,koniec p.d.
FortMorgan.png,x703y597,Pracuje,pracuje,pracuje
FortMorgan.png,x473y568,Pracovná doba,pracovná doba,pracovna doba
FortMorgan.png,x571y556,Meno dňa,meno dňa,meno dna
FortMorgan.png,x410y312,Cena,cena,cena
FortMorgan.png,x330y312,Názov,názov,nazov
FortMorgan.png,x262y628,Meno,meno,meno
FortMorgan.png,x343y627,Adresa,adresa,adresa
FortMorgan.png,x190y582,ID,id,id
FortMorgan.png,x316y530,Zákazník,zákazník,zakaznik
FortMorgan.png,x527y481,Zlava,zlava,zlava
FortMorgan.png,x715y481,Kuchár,kuchár,kuchar
FortMorgan.png,x433y472,Si objedná,si objedná,si objedna
FortMorgan.png,x568y391,Uvarí,uvarí,uvari
FortMorgan.png,x788y368,ID,id,id
FortMorgan.png,x703y368,Meno,meno,meno
FortMorgan.png,x873y326,Adresa,adresa,adresa
FortMorgan.png,x757y290,Plat,plat,plat
FortMorgan.png,x532y256,Ponúka,ponúka,ponuka
FortMorgan.png,x280y247,vyberá z,vyberá z,vybera z
FortMorgan.png,x343y157,Ponuka jedla,ponuka jedla,ponuka jedla
FortMorgan.png,x532y139,Jedalen,jedalen,jedalen
Glendale.png,x724y292,Ponuka,ponuka,ponuka
Glendale.png,x724y149,Jedalen,jedalen,jedalen
Glendale.png,x600y569,Adresa,adresa,adresa
Glendale.png,x600y502,Meno,meno,meno
Glendale.png,x343y483,Stravnik,stravnik,stravnik
Glendale.png,x600y435,ID,id,id
Glendale.png,x200y310,Kuchar,kuchar,kuchar
Glendale.png,x543y244,ID Stravnika,id stravnika,id stravnika
Glendale.png,x419y244,Meno,meno,meno
Glendale.png,x276y216,Varenie,varenie,varenie
Glendale.png,x476y149,Den,den,den
Glendale.png,x200y130,Kuchar,kuchar,kuchar
Glendale.png,x85y63,Plat,plat,plat
Glendale.png,x476y45,Objednat,objednat,objednat
Greeley.png,x359y658,Gramáž,gramáž,gramaz
Greeley.png,x247y650,Názov,názov,nazov
Greeley.png,x181y613,č. v menu,č. v menu,c. v menu
Greeley.png,x518y512,Názov dňa,názov dňa,nazov dna
Greeley.png,x413y509,Dátum,dátum,datum
Greeley.png,x463y425,Deň,deň,den
Greeley.png,x661y367,Pracoval,pracoval,pracoval
Greeley.png,x670y307,Pracovná doba,pracovná doba,pracovna doba
Greeley.png,x470y289,Kuchár,kuchár,kuchar
Greeley.png,x738y260,Do,do,do
Greeley.png,x600y256,Od,od,od
Greeley.png,x393y192,o,o,o
Greeley.png,x268y45,ID,id,id
Greeley.png,x488y38,Adresa,adresa,adresa
Greeley.png,x388y29,Meno,meno,meno
Gunnison.png,x454y873,ID,id,id
Gunnison.png,x334y863,Názov,názov,nazov
Gunnison.png,x223y838,dátum,dátum,datum
Gunnison.png,x83y838,názov dňa,názov dňa,nazov dna
Gunnison.png,x123y748,deň,deň,den
Gunnison.png,x811y745,nazov,nazov,nazov
Gunnison.png,x635y743,jedalen,jedalen,jedalen
Gunnison.png,x334y743,jedlo,jedlo,jedlo
Gunnison.png,x469y743,sa varí,sa varí,sa vari
Gunnison.png,x595y617,varí,varí,vari
Gunnison.png,x183y592,obeduje,obeduje,obeduje
Gunnison.png,x65y477,ID,id,id
Gunnison.png,x213y447,Stravník,stravník,stravnik
Gunnison.png,x686y446,ID,id,id
Gunnison.png,x484y437,Kuchar,kuchar,kuchar
Gunnison.png,x305y305,o,o,o
Gunnison.png,x284y186,Osoba,osoba,osoba
Gunnison.png,x143y56,meno,meno,meno
Gunnison.png,x464y43,ID,id,id
Gunnison.png,x314y42,adresa,adresa,adresa
Helena.png,x801y500,zľava,zľava,zlava
Helena.png,x799y326,meno,meno,meno
Helena.png,x575y915,Cena,cena,cena
Helena.png,x441y909,Nazov,nazov,nazov
Helena.png,x136y808,Pracovna doba,pracovna doba,pracovna doba
Helena.png,x442y790,Jedlo,jedlo,jedlo
Helena.png,x306y785,Čas,čas,cas
Helena.png,x306y600,Deň,deň,den
Helena.png,x710y553,ID,id,id
Helena.png,x55y527,Adresa,adresa,adresa
Helena.png,x431y532,Objednat,objednat,objednat
Helena.png,x54y453,Meno,meno,meno
Helena.png,x800y415,adresa,adresa,adresa
Helena.png,x637y410,Stravník,stravník,stravnik
Helena.png,x217y410,Kuchár,kuchár,kuchar
Helena.png,x78y307,Plat,plat,plat
Helena.png,x412y95,Osoba,osoba,osoba
Hollywood.png,x134y854,Meno,meno,meno
Hollywood.png,x268y817,ID,id,id
Hollywood.png,x755y805,Meno,meno,meno
Hollywood.png,x913y732,Cena,cena,cena
Hollywood.png,x755y732,Jedlo,jedlo,jedlo
Hollywood.png,x268y732,Den,den,den
Hollywood.png,x524y732,objednava,objednava,objednava
Hollywood.png,x109y671,Datum,datum,datum
Hollywood.png,x755y659,hmotnost,hmotnost,hmotnost
Hollywood.png,x755y586,Stravnik,stravnik,stravnik
Hollywood.png,x511y513,Koniec,koniec,koniec
Hollywood.png,x341y513,Pracuje,pracuje,pracuje
Hollywood.png,x341y428,Zaciatok,zaciatok,zaciatok
Hollywood.png,x73y397,Kuchar,kuchar,kuchar
Hollywood.png,x511y365,o,o,o
Hollywood.png,x73y312,Plat,plat,plat
Hollywood.png,x511y136,Osoba,osoba,osoba
Hollywood.png,x511y51,Meno,meno,meno
Hollywood.png,x706y51,Adresa,adresa,adresa
Hollywood.png,x292y51,ID,id,id
HuntingtonBeach.png,x299y856,názov dňa,názov dňa,nazov dna
HuntingtonBeach.png,x264y776,deň,deň,den
HuntingtonBeach.png,x780y765,varí,varí,vari
HuntingtonBeach.png,x770y634,jedáleň,jedáleň,jedalen
HuntingtonBeach.png,x69y586,zľava,zľava,zlava
HuntingtonBeach.png,x244y590,obeduje,obeduje,obeduje
HuntingtonBeach.png,x481y682,názov,názov,nazov
HuntingtonBeach.png,x443y598,jedlo,jedlo,jedlo
HuntingtonBeach.png,x620y589,sa varí,sa varí,sa vari
HuntingtonBeach.png,x741y544,názov,názov,nazov
HuntingtonBeach.png,x290y373,stravník,stravník,stravnik
HuntingtonBeach.png,x789y313,ID,id,id
HuntingtonBeach.png,x205y309,ID,id,id
HuntingtonBeach.png,x717y370,kuchár,kuchár,kuchar
HuntingtonBeach.png,x465y222,o,o,o
HuntingtonBeach.png,x463y91,osoba,osoba,osoba
HuntingtonBeach.png,x626y23,ID,id,id
HuntingtonBeach.png,x508y23,adresa,adresa,adresa
HuntingtonBeach.png,x404y22,meno,meno,meno
Indio.png,x295y911,Cena,cena,cena
Indio.png,x424y898,ID,id,id
Indio.png,x179y873,Hmotnosť,hmotnosť,hmotnost
Indio.png,x591y834,Deň,deň,den
Indio.png,x707y821,Mesiac,mesiac,mesiac
Indio.png,x810y783,Rok,rok,rok
Indio.png,x436y776,Jedlo,jedlo,jedlo
Indio.png,x681y705,Dátum,dátum,datum
Indio.png,x424y622,Objedná si,objedná si,objedna si
Indio.png,x681y583,Deň,deň,den
Indio.png,x269y480,Stravník,stravník,stravnik
Indio.png,x797y371,Do,do,do
Indio.png,x668y371,Pracuje v,pracuje v,pracuje v
Indio.png,x155y358,u,u,u
Indio.png,x745y294,Od,od,od
Indio.png,x179y185,Osoba,osoba,osoba
Indio.png,x642y172,Kuchár,kuchár,kuchar
Indio.png,x385y140,ID,id,id
Indio.png,x848y127,ID,id,id
Indio.png,x321y75,Adresa,adresa,adresa
Indio.png,x527y62,Plat,plat,plat
Indio.png,x192y62,Meno,meno,meno
Indio.png,x784y62,Adresa,adresa,adresa
Indio.png,x655y50,Meno,meno,meno
Leadville.png,x815y827,Do,do,do
Leadville.png,x616y827,Od,od,od
Leadville.png,x284y764,Plat,plat,plat
Leadville.png,x284y664,Kuchár,kuchár,kuchar
Leadville.png,x88y664,Stravnik,stravnik,stravnik
Leadville.png,x912y394,Dátum,dátum,datum
Leadville.png,x616y394,Deň,deň,den
Leadville.png,x285y401,d,d,d
Leadville.png,x910y199,Jedlo,jedlo,jedlo
Leadville.png,x286y199,Osoba,osoba,osoba
Leadville.png,x912y36,Názov,názov,nazov
Leadville.png,x498y36,Zľava,zľava,zlava
Leadville.png,x286y36,Adresa,adresa,adresa
Leadville.png,x86y36,Meno,meno,meno
Lodi.png,x515y600,adresa,adresa,adresa
Lodi.png,x411y600,meno,meno,meno
Lodi.png,x309y600,id,id,id
Lodi.png,x210y600,počet objednávok,počet objednávok,pocet objednavok
Lodi.png,x360y492,stravnik,stravnik,stravnik
Lodi.png,x632y492,ide jest,ide jest,ide jest
Lodi.png,x210y492,objednava si,objednava si,objednava si
Lodi.png,x60y447,id,id,id
Lodi.png,x60y389,cena,cena,cena
Lodi.png,x773y389,kuchár,kuchár,kuchar
Lodi.png,x482y389,deň,deň,den
Lodi.png,x210y389,jedlo,jedlo,jedlo
Lodi.png,x342y389,robí,robí,robi
Lodi.png,x623y389,pracuje v,pracuje v,pracuje v
Lodi.png,x60y330,nazov,nazov,nazov
Lodi.png,x909y300,plat,plat,plat
Lodi.png,x815y300,adresa,adresa,adresa
Lodi.png,x721y300,meno,meno,meno
Lodi.png,x627y300,ID,id,id
Lodi.png,x529y300,pracovná doba,pracovná doba,pracovna doba
Lodi.png,x445y300,názov dňa,názov dňa,nazov dna
Lodi.png,x210y258,ponúka,ponúka,ponuka
Lodi.png,x210y155,jedáleň,jedáleň,jedalen
Lodi.png,x295y38,adresa,adresa,adresa
Lodi.png,x210y38,meno,meno,meno
Lodi.png,x121y38,IČO,ičo,ico
Lompoc.jpg,x665y666,obed,obed,obed
Lompoc.jpg,x476y660,objednanie,objednanie,objednanie
Lompoc.jpg,x371y546,kupujuci,kupujuci,kupujuci
Lompoc.jpg,x456y457,u,u,u
Lompoc.jpg,x232y355,stravnik,stravnik,stravnik
Lompoc.jpg,x365y199,adresa,adresa,adresa
Lompoc.jpg,x98y194,Poradove cislo,poradove cislo,poradove cislo
Lompoc.jpg,x821y188,adresa,adresa,adresa
Lompoc.jpg,x576y172,meno,meno,meno
Lompoc.jpg,x626y335,kuchar,kuchar,kuchar
Lompoc.jpg,x932y227,ID,id,id
Lompoc.jpg,x699y166,plat,plat,plat
Lompoc.jpg,x232y188,meno,meno,meno
LosAngeles.png,x380y507,Popis,popis,popis
LosAngeles.png,x442y486,Názov,názov,nazov
LosAngeles.png,x303y480,Evidenčné číslo,evidenčné číslo,evidencne cislo
LosAngeles.png,x672y469,Koniec,koniec,koniec
LosAngeles.png,x579y469,Začiatok,začiatok,zaciatok
LosAngeles.png,x626y421,pracovná doba,pracovná doba,pracovna doba
LosAngeles.png,x380y417,Obed,obed,obed
LosAngeles.png,x507y395,Názov,názov,nazov
LosAngeles.png,x507y329,Deň,deň,den
LosAngeles.png,x625y329,pracuje,pracuje,pracuje
LosAngeles.png,x378y328,objednanie,objednanie,objednanie
LosAngeles.png,x624y242,Kuchár,kuchár,kuchar
LosAngeles.png,x378y238,Stravník,stravník,stravnik
LosAngeles.png,x746y201,Plat,plat,plat
LosAngeles.png,x500y155,o,o,o
LosAngeles.png,x648y94,Meno,meno,meno
LosAngeles.png,x500y93,Osoba,osoba,osoba
LosAngeles.png,x356y93,Adresa,adresa,adresa
LosAngeles.png,x506y44,Evidenčné číslo,evidenčné číslo,evidencne cislo
Loveland.png,x37y336,percentualna zlava,percentualna zlava,percentualna zlava
Loveland.png,x411y819,názov jedla,názov jedla,nazov jedla
Loveland.png,x105y819,ID jedla,id jedla,id jedla
Loveland.png,x258y681,Jedlo,jedlo,jedlo
Loveland.png,x913y534,Pocet odpracovanych hodin,pocet odpracovanych hodin,pocet odpracovanych hodin
Loveland.png,x141y493,Uplatnenie zlavy,uplatnenie zlavy,uplatnenie zlavy
Loveland.png,x258y493,Objednáva,objednáva,objednava
Loveland.png,x846y423,den,den,den
Loveland.png,x960y422,pracovná doba,pracovná doba,pracovna doba
Loveland.png,x687y423,pracuje,pracuje,pracuje
Loveland.png,x901y343,Datum,datum,datum
Loveland.png,x558y352,Kuchár,kuchár,kuchar
Loveland.png,x258y352,Stravnik,stravnik,stravnik
Loveland.png,x141y293,Pocet objednavok,pocet objednavok,pocet objednavok
Loveland.png,x411y276,o,o,o
Loveland.png,x640y241,plat,plat,plat
Loveland.png,x410y152,osoba,osoba,osoba
Loveland.png,x469y17,adresa,adresa,adresa
Loveland.png,x411y16,meno,meno,meno
Loveland.png,x352y16,ID,id,id
Magnolia.png,x64y372,kuchar,kuchar,kuchar
Magnolia.png,x28y304,plat,plat,plat
Magnolia.png,x256y172,stravník,stravník,stravnik
Magnolia.png,x722y173,jedlo,jedlo,jedlo
Magnolia.png,x899y173,Sa nachádza,sa nachádza,sa nachadza
Magnolia.png,x432y173,Objednáva,objednáva,objednava
Magnolia.png,x156y145,zakaznik,zakaznik,zakaznik
Magnolia.png,x336y102,id kuchara,id kuchara,id kuchara
Magnolia.png,x890y81,jedalen,jedalen,jedalen
Magnolia.png,x551y78,pocet objednavok,pocet objednavok,pocet objednavok
Magnolia.png,x442y48,id stravníka,id stravníka,id stravnika
Magnolia.png,x175y32,id,id,id
Magnolia.png,x741y37,obedy,obedy,obedy
Malibu.png,x438y643,Dátum,dátum,datum
Malibu.png,x555y607,Deň,deň,den
Malibu.png,x736y570,Pracuje,pracuje,pracuje
Malibu.png,x411y561,Nazov,nazov,nazov
Malibu.png,x294y562,Cena,cena,cena
Malibu.png,x889y490,Zaciatok,zaciatok,zaciatok
Malibu.png,x357y490,Obed,obed,obed
Malibu.png,x105y490,Jedáleň,jedáleň,jedalen
Malibu.png,x240y490,Ponúka,ponúka,ponuka
Malibu.png,x763y463,Pracovná doba,pracovná doba,pracovna doba
Malibu.png,x258y418,Ponuka jedla,ponuka jedla,ponuka jedla
Malibu.png,x547y417,Navaril,navaril,navaril
Malibu.png,x439y390,Objednáva,objednáva,objednava
Malibu.png,x799y372,Odpracoval,odpracoval,odpracoval
Malibu.png,x663y309,Kuchár,kuchár,kuchar
Malibu.png,x438y309,Stravník,stravník,stravnik
Malibu.png,x636y251,plat,plat,plat
Malibu.png,x546y165,Osoba,osoba,osoba
Malibu.png,x393y120,Meno,meno,meno
Malibu.png,x663y84,Bydlisko,bydlisko,bydlisko
Malibu.png,x546y84,Priezvisko,priezvisko,priezvisko
Malibu.png,x447y48,ID,id,id
Marion.JPG,x698y373,Jedlo,jedlo,jedlo
Marion.JPG,x338y373,Stravnik,stravnik,stravnik
Marion.JPG,x164y373,kuchar,kuchar,kuchar
Marion.JPG,x896y373,Sa nachádza,sa nachádza,sa nachadza
Marion.JPG,x512y373,Objednava,objednava,objednava
Marion.JPG,x388y274,id stravnika,id stravnika,id stravnika
Marion.JPG,x164y249,pracovna doba,pracovna doba,pracovna doba
Marion.JPG,x598y225,Pocet objednavok,pocet objednavok,pocet objednavok
Marion.JPG,x896y200,Jedalen,jedalen,jedalen
Marion.JPG,x462y200,ID kuchara,id kuchara,id kuchara
Marion.JPG,x67y187,Plat,plat,plat
Marion.JPG,x276y113,Osoba,osoba,osoba
Marion.JPG,x115y113,Meno,meno,meno
Marion.JPG,x623y88,Obedy,obedy,obedy
Marion.JPG,x177y51,Adresa,adresa,adresa
Marion.JPG,x301y39,ID,id,id
Martinez.PNG,x279y772,Koniec prac. doby,koniec prac. doby,koniec prac. doby
Martinez.PNG,x71y429,Plat,plat,plat
Martinez.PNG,x657y61,ID,id,id
Martinez.PNG,x395y916,Alergény,alergény,alergeny
Martinez.PNG,x539y810,Ponuka jedál,ponuka jedál,ponuka jedal
Martinez.PNG,x224y679,Pracovná doba,pracovná doba,pracovna doba
Martinez.PNG,x710y659,Meno,meno,meno
Martinez.PNG,x290y574,Deň,deň,den
Martinez.PNG,x500y574,Objednať jedlo,objednať jedlo,objednat jedlo
Martinez.PNG,x710y508,Stravník,stravník,stravnik
Martinez.PNG,x119y495,ID,id,id
Martinez.PNG,x369y469,Kuchár,kuchár,kuchar
Martinez.PNG,x198y390,Meno,meno,meno
Martinez.PNG,x513y322,u,u,u
Martinez.PNG,x513y167,zákazník,zákazník,zakaznik
Martinez.PNG,x348y61,Meno,meno,meno
Martinez.PNG,x500y35,Adresa,adresa,adresa
Marysville.PNG,x18y262,,,
Marysville.PNG,x581y469,,,
Marysville.PNG,x803y452,,,
Marysville.PNG,x667y414,,,
Marysville.PNG,x581y414,,,
Marysville.PNG,x765y377,,,
Marysville.PNG,x692y316,,,
Marysville.PNG,x471y316,,,
Marysville.PNG,x777y236,,,
Marysville.PNG,x575y254,,,
Marysville.PNG,x575y199,,,
Marysville.PNG,x753y133,,,
Marysville.PNG,x692y114,,,
Marysville.PNG,x618y114,,,
Marysville.PNG,x545y114,,,
Marysville.PNG,x465y114,,,
Merced.png,x866y299,,,
Merced.png,x780y306,,,
Merced.png,x595y215,,,
Merced.png,x397y215,,,
Merced.png,x309y215,,,
Merced.png,x353y486,,,
Merced.png,x227y427,,,
Merced.png,x463y369,,,
Merced.png,x272y369,,,
Merced.png,x800y354,,,
Merced.png,x639y354,,,
Merced.png,x463y325,,,
Merced.png,x227y307,,,
Merced.png,x639y281,,,
Merced.png,x353y281,,,
Merced.png,x492y221,,,
Merced.png,x493y142,,,
Merced.png,x558y76,,,
Merced.png,x427y76,,,
Mobile.png,x299y677,,,
Mobile.png,x512y572,,,
Mobile.png,x293y506,,,
Mobile.png,x69y506,,,
Mobile.png,x513y479,,,
Mobile.png,x892y452,,,
Mobile.png,x80y386,,,
Mobile.png,x312y386,,,
Mobile.png,x609y370,,,
Mobile.png,x772y280,,,
Mobile.png,x186y226,,,
Mobile.png,x393y226,,,
Mobile.png,x929y213,,,
Mobile.png,x565y186,,,
Mobile.png,x439y53,,,
Mobile.png,x732y40,,,
Mobile.png,x586y30,,,
Modesto.png,x195y132,,,
Modesto.png,x319y54,,,
Modesto.png,x206y54,,,
Modesto.png,x71y54,,,
Modesto.png,x386y671,,,
Modesto.png,x251y671,,,
Modesto.png,x521y671,,,
Modesto.png,x375y559,,,
Modesto.png,x622y503,,,
Modesto.png,x364y413,,,
Modesto.png,x577y402,,,
Modesto.png,x600y278,,,
Modesto.png,x274y267,,,
Modesto.png,x790y233,,,
Modesto.png,x689y155,,,
Modesto.png,x745y43,,,
Modesto.png,x611y43,,,
Modesto.png,x476y43,,,
Montgomery.png,x92y227,,,
Montgomery.png,x351y947,,,
Montgomery.png,x473y910,,,
Montgomery.png,x204y910,,,
Montgomery.png,x338y831,,,
Montgomery.png,x669y763,,,
Montgomery.png,x804y738,,,
Montgomery.png,x645y665,,,
Montgomery.png,x339y665,,,
Montgomery.png,x645y542,,,
Montgomery.png,x829y530,,,
Montgomery.png,x829y456,,,
Montgomery.png,x645y419,,,
Montgomery.png,x338y419,,,
Montgomery.png,x486y326,,,
Montgomery.png,x890y260,,,
Montgomery.png,x486y223,,,
Montgomery.png,x302y88,,,
Montgomery.png,x608y63,,,
Montgomery.png,x461y63,,,
Newport.png,x778y902,,,
Newport.png,x581y902,,,
Newport.png,x285y743,,,
Newport.png,x101y742,,,
Newport.png,x581y742,,,
Newport.png,x113y619,,,
Newport.png,x285y619,,,
Newport.png,x131y551,,,
Newport.png,x581y484,,,
Newport.png,x285y484,,,
Newport.png,x248y397,,,
Newport.png,x433y347,,,
Newport.png,x433y188,,,
Newport.png,x433y136,,,
Newport.png,x495y102,,,
Newport.png,x372y102,,,
Newport.png,x249y102,,,
NewportBeach.PNG,x204y545,,,
NewportBeach.PNG,x851y497,,,
NewportBeach.PNG,x195y409,,,
NewportBeach.PNG,x843y393,,,
NewportBeach.PNG,x195y289,,,
NewportBeach.PNG,x396y274,,,
NewportBeach.PNG,x811y266,,,
NewportBeach.PNG,x188y202,,,
NewportBeach.PNG,x419y168,,,
NewportBeach.PNG,x723y148,,,
NewportBeach.PNG,x499y104,,,
NewportBeach.PNG,x307y82,,,
NewportBeach.PNG,x188y82,,,
NewportBeach.PNG,x67y82,,,
NewportBeach.PNG,x835y40,,,
NewportBeach.PNG,x715y40,,,
NewportBeach.PNG,x595y40,,,
Norwalk.jpg,x58y405,,,
Norwalk.jpg,x377y803,,,
Norwalk.jpg,x377y670,,,
Norwalk.jpg,x377y541,,,
Norwalk.jpg,x155y541,,,
Norwalk.jpg,x700y541,,,
Norwalk.jpg,x447y422,,,
Norwalk.jpg,x277y379,,,
Norwalk.jpg,x848y278,,,
Norwalk.jpg,x280y278,,,
Norwalk.jpg,x585y278,,,
Norwalk.jpg,x925y172,,,
Norwalk.jpg,x779y172,,,
Norwalk.jpg,x585y153,,,
Norwalk.jpg,x350y125,,,
Norwalk.jpg,x197y125,,,
Norwalk.jpg,x585y42,,,
Novato.jpg,x269y636,,,
Novato.jpg,x922y636,,,
Novato.jpg,x102y627,,,
Novato.jpg,x730y615,,,
Novato.jpg,x269y511,,,
Novato.jpg,x512y474,,,
Novato.jpg,x931y461,,,
Novato.jpg,x717y435,,,
Novato.jpg,x858y345,,,
Novato.jpg,x262y415,,,
Novato.jpg,x397y346,,,
Novato.jpg,x140y307,,,
Novato.jpg,x345y243,,,
Novato.jpg,x67y204,,,
Novato.jpg,x224y179,,,
Novato.jpg,x397y166,,,
Novato.jpg,x435y76,,,
Novato.jpg,x256y77,,,
Novato.jpg,x115y29,,,
Oakland.PNG,x232y454,,,
Oakland.PNG,x386y454,,,
Oakland.PNG,x886y389,,,
Oakland.PNG,x273y357,,,
Oakland.PNG,x442y347,,,
Oakland.PNG,x886y293,,,
Oakland.PNG,x660y269,,,
Oakland.PNG,x539y268,,,
Oakland.PNG,x851y262,,,
Oakland.PNG,x305y252,,,
Oakland.PNG,x200y252,,,
Oakland.PNG,x87y252,,,
Oakland.PNG,x886y204,,,
Oakland.PNG,x660y204,,,
Oakland.PNG,x442y204,,,
Oakland.PNG,x773y204,,,
Oakland.PNG,x934y107,,,
Oakland.PNG,x821y107,,,
Oakland.PNG,x676y91,,,
Oakland.PNG,x563y91,,,
Oakland.PNG,x442y91,,,
Oakland.PNG,x329y91,,,
Oceanside.png,x820y406,,,
Oceanside.png,x646y406,,,
Oceanside.png,x503y345,,,
Oceanside.png,x380y345,,,
Oceanside.png,x165y324,,,
Oceanside.png,x734y340,,,
Oceanside.png,x441y273,,,
Oceanside.png,x820y273,,,
Oceanside.png,x646y273,,,
Oceanside.png,x310y273,,,
Oceanside.png,x574y202,,,
Oceanside.png,x431y181,,,
Oceanside.png,x114y171,,,
Oceanside.png,x237y161,,,
Oceanside.png,x544y89,,,
Oceanside.png,x186y69,,,
Orange.jpg,x440y216,,,
Orange.jpg,x872y475,,,
Orange.jpg,x484y439,,,
Orange.jpg,x934y451,,,
Orange.jpg,x953y417,,,
Orange.jpg,x917y380,,,
Orange.jpg,x482y372,,,
Orange.jpg,x835y357,,,
Orange.jpg,x253y324,,,
Orange.jpg,x163y320,,,
Orange.jpg,x439y279,,,
Orange.jpg,x715y275,,,
Orange.jpg,x45y268,,,
Orange.jpg,x216y245,,,
Orange.jpg,x126y245,,,
Orange.jpg,x559y230,,,
Orange.jpg,x827y208,,,
Orange.jpg,x730y208,,,
Orange.jpg,x641y208,,,
Orange.jpg,x134y201,,,
Orange.jpg,x45y201,,,
Orange.jpg,x648y163,,,
Orange.jpg,x559y163,,,
Orange.jpg,x228y129,,,
Orange.jpg,x141y104,,,
Orange.jpg,x313y96,,,
Orange.jpg,x743y92,,,
Orange.jpg,x656y66,,,
Orange.jpg,x827y59,,,
Orange.jpg,x268y59,,,
Orange.jpg,x186y59,,,
Orange.jpg,x782y23,,,
Orange.jpg,x700y23,,,
Oroville.jpg,x478y326,,,
Oroville.jpg,x75y549,,,
Oroville.jpg,x100y461,,,
Oroville.jpg,x217y360,,,
Oroville.jpg,x923y301,,,
Oroville.jpg,x789y301,,,
Oroville.jpg,x864y176,,,
Oroville.jpg,x537y108,,,
Oroville.jpg,x201y100,,,
Oroville.jpg,x675y50,,,
Oroville.jpg,x797y25,,,
Oroville.jpg,x713y25,,,
Oroville.jpg,x629y25,,,
Oroville.jpg,x545y25,,,
Oroville.jpg,x251y20,,,
Oroville.jpg,x142y20,,,
Oxnard.jpg,x658y774,,,
Oxnard.jpg,x523y770,,,
Oxnard.jpg,x744y714,,,
Oxnard.jpg,x572y705,,,
Oxnard.jpg,x122y705,,,
Oxnard.jpg,x937y705,,,
Oxnard.jpg,x445y695,,,
Oxnard.jpg,x269y695,,,
Oxnard.jpg,x363y651,,,
Oxnard.jpg,x53y598,,,
Oxnard.jpg,x911y597,,,
Oxnard.jpg,x538y597,,,
Oxnard.jpg,x189y597,,,
Oxnard.jpg,x744y597,,,
Oxnard.jpg,x342y491,,,
Oxnard.jpg,x592y484,,,
Oxnard.jpg,x343y391,,,
Oxnard.jpg,x342y279,,,
Oxnard.jpg,x342y137,,,
Oxnard.jpg,x524y88,,,
Oxnard.jpg,x421y32,,,
Oxnard.jpg,x259y42,,,
PacificGrove.png,x620y596,,,
PacificGrove.png,x503y596,,,
PacificGrove.png,x562y503,,,
PacificGrove.png,x271y503,,,
PacificGrove.png,x271y406,,,
PacificGrove.png,x135y407,,,
PacificGrove.png,x562y406,,,
PacificGrove.png,x946y271,,,
PacificGrove.png,x784y271,,,
PacificGrove.png,x562y271,,,
PacificGrove.png,x213y269,,,
PacificGrove.png,x562y135,,,
PacificGrove.png,x213y135,,,
PacificGrove.png,x561y23,,,
PacificGrove.png,x261y23,,,
PacificGrove.png,x155y23,,,
PacificGrove.png,x52y23,,,
Palmdale.png,x779y442,,,
Palmdale.png,x935y425,,,
Palmdale.png,x943y346,,,
Palmdale.png,x779y346,,,
Palmdale.png,x457y346,,,
Palmdale.png,x623y346,,,
Palmdale.png,x104y305,,,
Palmdale.png,x499y263,,,
Palmdale.png,x790y196,,,
Palmdale.png,x207y196,,,
Palmdale.png,x634y197,,,
Palmdale.png,x55y186,,,
Palmdale.png,x363y197,,,
Palmdale.png,x943y134,,,
Palmdale.png,x499y114,,,
Palmdale.png,x790y83,,,
Palmdale.png,x447y24,,,
PalmSprings.png,x865y709,,,
PalmSprings.png,x559y709,,,
PalmSprings.png,x730y703,,,
PalmSprings.png,x537y536,,,
PalmSprings.png,x67y503,,,
PalmSprings.png,x313y491,,,
PalmSprings.png,x729y432,,,
PalmSprings.png,x525y391,,,
PalmSprings.png,x313y379,,,
PalmSprings.png,x369y296,,,
PalmSprings.png,x179y284,,,
PalmSprings.png,x537y296,,,
PalmSprings.png,x548y167,,,
PalmSprings.png,x731y50,,,
Pasadena.png,x527y401,,,
Pasadena.png,x314y688,,,
Pasadena.png,x119y680,,,
Pasadena.png,x551y639,,,
Pasadena.png,x157y627,,,
Pasadena.png,x297y627,,,
Pasadena.png,x486y588,,,
Pasadena.png,x224y577,,,
Pasadena.png,x318y526,,,
Pasadena.png,x467y524,,,
Pasadena.png,x378y462,,,
Pasadena.png,x528y452,,,
Pasadena.png,x379y398,,,
Pasadena.png,x525y351,,,
Pasadena.png,x542y241,,,
Pasadena.png,x394y170,,,
Pasadena.png,x139y118,,,
Pasadena.png,x503y131,,,
Pasadena.png,x275y114,,,
Pasadena.png,x605y82,,,
Pomona.png,x390y271,,,
Pomona.png,x605y875,,,
Pomona.png,x398y875,,,
Pomona.png,x587y738,,,
Pomona.png,x105y720,,,
Pomona.png,x363y600,,,
Pomona.png,x105y599,,,
Pomona.png,x243y425,,,
Pomona.png,x519y358,,,
Pomona.png,x781y359,,,
Pomona.png,x105y272,,,
Pomona.png,x243y289,,,
Pomona.png,x760y186,,,
Pomona.png,x243y186,,,
Pomona.png,x506y186,,,
Pomona.png,x881y65,,,
Pomona.png,x329y65,,,
Pomona.png,x139y65,,,
Pomona.png,x691y48,,,
Pomona.png,x502y48,,,
PortHueneme.jpg,x919y654,,,
PortHueneme.jpg,x851y317,,,
PortHueneme.jpg,x410y777,,,
PortHueneme.jpg,x588y714,,,
PortHueneme.jpg,x399y714,,,
PortHueneme.jpg,x305y609,,,
PortHueneme.jpg,x904y567,,,
PortHueneme.jpg,x725y567,,,
PortHueneme.jpg,x473y567,,,
PortHueneme.jpg,x304y535,,,
PortHueneme.jpg,x725y441,,,
PortHueneme.jpg,x473y441,,,
PortHueneme.jpg,x374y357,,,
PortHueneme.jpg,x600y334,,,
PortHueneme.jpg,x599y210,,,
PortHueneme.jpg,x757y126,,,
PortHueneme.jpg,x630y126,,,
PortHueneme.jpg,x504y126,,,
Redding.png,x419y869,,,
Redding.png,x569y859,,,
Redding.png,x257y859,,,
Redding.png,x423y755,,,
Redding.png,x650y737,,,
Redding.png,x801y708,,,
Redding.png,x847y639,,,
Redding.png,x662y604,,,
Redding.png,x424y604,,,
Redding.png,x423y477,,,
Redding.png,x423y371,,,
Redding.png,x696y327,,,
Redding.png,x812y142,,,
Redding.png,x592y130,,,
Redding.png,x273y211,,,
Redding.png,x99y200,,,
Redding.png,x354y107,,,
Redding.png,x192y107,,,
Redlands.png,x823y543,,,
Redlands.png,x137y501,,,
Redlands.png,x326y493,,,
Redlands.png,x613y411,,,
Redlands.png,x145y345,,,
Redlands.png,x663y346,,,
Redlands.png,x769y327,,,
Redlands.png,x847y321,,,
Redlands.png,x461y288,,,
Redlands.png,x330y288,,,
Redlands.png,x392y149,,,
Redlands.png,x666y75,,,
Redlands.png,x289y66,,,
Redlands.png,x404y42,,,
Richmond.png,x687y708,,,
Richmond.png,x688y782,,,
Richmond.png,x949y564,,,
Richmond.png,x838y540,,,
Richmond.png,x217y341,,,
Richmond.png,x363y45,,,
Roseville.jpg,x454y476,,,
Roseville.jpg,x260y477,,,
Roseville.jpg,x745y357,,,
Roseville.jpg,x188y262,,,
Roseville.jpg,x454y262,,,
Roseville.jpg,x562y230,,,
Roseville.jpg,x243y183,,,
Roseville.jpg,x100y183,,,
Roseville.jpg,x586y157,,,
Roseville.jpg,x729y151,,,
Roseville.jpg,x454y119,,,
Roseville.jpg,x502y40,,,
Roseville.jpg,x387y40,,,
Roseville.jpg,x275y40,,,
Salinas.png,x93y252,,,
Salinas.png,x159y711,,,
Salinas.png,x262y626,,,
Salinas.png,x121y570,,,
Salinas.png,x328y505,,,
Salinas.png,x477y486,,,
Salinas.png,x646y486,,,
Salinas.png,x880y439,,,
Salinas.png,x56y392,,,
Salinas.png,x815y383,,,
Salinas.png,x637y364,,,
Salinas.png,x477y372,,,
Salinas.png,x281y299,,,
Salinas.png,x477y252,,,
Salinas.png,x356y140,,,
Salinas.png,x496y112,,,
Salinas.png,x609y102,,,
SanJose.png,x384y518,,,
SanJose.png,x245y441,,,
SanJose.png,x566y431,,,
SanJose.png,x86y364,,,
SanJose.png,x192y355,,,
SanJose.png,x368y355,,,
SanJose.png,x653y317,,,
SanJose.png,x778y278,,,
SanJose.png,x249y268,,,
SanJose.png,x368y269,,,
SanJose.png,x509y239,,,
SanJose.png,x730y211,,,
SanJose.png,x368y191,,,
SanJose.png,x182y153,,,
SanJose.png,x384y115,,,
SanJose.png,x269y115,,,
SanJuanCapistrano.PNG,x614y77,,,
SanJuanCapistrano.PNG,x519y688,,,
SanJuanCapistrano.PNG,x352y688,,,
SanJuanCapistrano.PNG,x181y666,,,
SanJuanCapistrano.PNG,x111y591,,,
SanJuanCapistrano.PNG,x406y581,,,
SanJuanCapistrano.PNG,x809y495,,,
SanJuanCapistrano.PNG,x417y452,,,
SanJuanCapistrano.PNG,x181y452,,,
SanJuanCapistrano.PNG,x566y428,,,
SanJuanCapistrano.PNG,x761y388,,,
SanJuanCapistrano.PNG,x299y322,,,
SanJuanCapistrano.PNG,x541y302,,,
SanJuanCapistrano.PNG,x846y221,,,
SanJuanCapistrano.PNG,x712y211,,,
SanJuanCapistrano.PNG,x299y205,,,
SanJuanCapistrano.PNG,x819y130,,,
SanJuanCapistrano.PNG,x165y120,,,
SanJuanCapistrano.PNG,x460y77,,,
SanJuanCapistrano.PNG,x320y77,,,
SanPedro.png,x916y439,,,
SanPedro.png,x307y400,,,
SanPedro.png,x294y321,,,
SanPedro.png,x49y215,,,
SanPedro.png,x691y254,,,
SanPedro.png,x704y174,,,
SanPedro.png,x504y201,,,
SanPedro.png,x512y134,,,
SanPedro.png,x458y134,,,
SanPedro.png,x405y134,,,
SanSimeon.png,x699y338,,,
SanSimeon.png,x799y356,,,
SanSimeon.png,x646y305,,,
SanSimeon.png,x748y311,,,
SanSimeon.png,x816y270,,,
SanSimeon.png,x555y276,,,
SanSimeon.png,x902y275,,,
SanSimeon.png,x695y270,,,
SanSimeon.png,x349y227,,,
SanSimeon.png,x720y203,,,
SanSimeon.png,x543y204,,,
SanSimeon.png,x248y207,,,
SanSimeon.png,x457y206,,,
SanSimeon.png,x874y206,,,
SanSimeon.png,x802y197,,,
SanSimeon.png,x525y154,,,
SanSimeon.png,x634y152,,,
SanSimeon.png,x284y136,,,
SanSimeon.png,x384y136,,,
SanSimeon.png,x633y85,,,
SanSimeon.png,x626y56,,,
SanSimeon.png,x721y55,,,
SanSimeon.png,x593y33,,,
SanSimeon.png,x652y32,,,
SantaClara.PNG,x552y589,,,
SantaClara.PNG,x435y589,,,
SantaClara.PNG,x493y531,,,
SantaClara.PNG,x293y462,,,
SantaClara.PNG,x493y433,,,
SantaClara.PNG,x293y375,,,
SantaClara.PNG,x493y336,,,
SantaClara.PNG,x820y326,,,
SantaClara.PNG,x713y326,,,
SantaClara.PNG,x298y297,,,
SantaClara.PNG,x713y268,,,
SantaClara.PNG,x552y258,,,
SantaClara.PNG,x298y233,,,
SantaClara.PNG,x634y217,,,
SantaClara.PNG,x552y170,,,
SantaClara.PNG,x220y170,,,
SantaClara.PNG,x713y170,,,
SantaClara.PNG,x278y131,,,
SantaClara.PNG,x220y129,,,
SantaClara.PNG,x163y128,,,
SantaClara.PNG,x592y126,,,
SantaClara.PNG,x530y126,,,
SantaClara.PNG,x259y107,,,
SantaClara.PNG,x181y107,,,
SantaClara.PNG,x103y107,,,
SantaClara.PNG,x722y102,,,
SantaClara.PNG,x566y102,,,
SantaClara.PNG,x644y102,,,
SantaClara.PNG,x479y102,,,
SantaClara.PNG,x347y107,,,
SantaClarita.png,x248y507,,,
SantaClarita.png,x435y505,,,
SantaClarita.png,x348y503,,,
SantaClarita.png,x713y428,,,
SantaClarita.png,x714y337,,,
SantaClarita.png,x332y302,,,
SantaClarita.png,x557y302,,,
SantaClarita.png,x331y233,,,
SantaClarita.png,x869y220,,,
SantaClarita.png,x558y220,,,
SantaClarita.png,x713y221,,,
SantaClarita.png,x939y154,,,
SantaClarita.png,x851y154,,,
SantaClarita.png,x332y144,,,
SantaClarita.png,x88y144,,,
SantaClarita.png,x716y140,,,
SantaClarita.png,x206y144,,,
SantaClarita.png,x159y68,,,
SantaClarita.png,x65y71,,,
SantaClarita.png,x300y65,,,
SantaClarita.png,x530y64,,,
SantaRosa.jpg,x511y460,,,
SantaRosa.jpg,x90y396,,,
SantaRosa.jpg,x350y386,,,
SantaRosa.jpg,x522y353,,,
SantaRosa.jpg,x233y267,,,
SantaRosa.jpg,x607y182,,,
SantaRosa.jpg,x233y182,,,
SantaRosa.jpg,x768y182,,,
SantaRosa.jpg,x436y182,,,
SantaRosa.jpg,x90y97,,,
SantaRosa.jpg,x350y86,,,
SantaRosa.jpg,x211y86,,,
Searcy.jpg,x174y170,,,
Searcy.jpg,x215y648,,,
Searcy.jpg,x52y648,,,
Searcy.jpg,x135y647,,,
Searcy.jpg,x304y634,,,
Searcy.jpg,x292y573,,,
Searcy.jpg,x120y568,,,
Searcy.jpg,x453y499,,,
Searcy.jpg,x346y503,,,
Searcy.jpg,x121y457,,,
Searcy.jpg,x474y419,,,
Searcy.jpg,x298y413,,,
Searcy.jpg,x120y346,,,
Searcy.jpg,x207y313,,,
Searcy.jpg,x124y233,,,
Searcy.jpg,x315y237,,,
Searcy.jpg,x307y195,,,
Searcy.jpg,x83y168,,,
Searcy.jpg,x514y229,,,
Searcy.jpg,x544y158,,,
Searcy.jpg,x455y146,,,
Searcy.jpg,x30y82,,,
Searcy.jpg,x373y45,,,
SimiValley.png,x81y720,,,
SimiValley.png,x334y685,,,
SimiValley.png,x606y658,,,
SimiValley.png,x466y623,,,
SimiValley.png,x98y580,,,
SimiValley.png,x308y571,,,
SimiValley.png,x439y527,,,
SimiValley.png,x597y501,,,
SimiValley.png,x343y457,,,
SimiValley.png,x623y405,,,
SimiValley.png,x483y317,,,
SimiValley.png,x194y317,,,
SimiValley.png,x133y230,,,
SimiValley.png,x509y212,,,
SimiValley.png,x317y202,,,
SimiValley.png,x317y116,,,
SimiValley.png,x492y46,,,
SimiValley.png,x194y46,,,
SimiValley.png,x325y40,,,
SouthSanFrancisco.png,x250y183,,,
SouthSanFrancisco.png,x352y86,,,
SouthSanFrancisco.png,x115y86,,,
SouthSanFrancisco.png,x228y86,,,
SouthSanFrancisco.png,x789y673,,,
SouthSanFrancisco.png,x725y560,,,
SouthSanFrancisco.png,x239y431,,,
SouthSanFrancisco.png,x822y404,,,
SouthSanFrancisco.png,x342y350,,,
SouthSanFrancisco.png,x682y345,,,
SouthSanFrancisco.png,x228y328,,,
SouthSanFrancisco.png,x115y328,,,
SouthSanFrancisco.png,x530y334,,,
SouthSanFrancisco.png,x805y291,,,
SouthSanFrancisco.png,x401y291,,,
SouthSanFrancisco.png,x552y183,,,
SouthSanFrancisco.png,x530y80,,,
SouthSanFrancisco.png,x671y75,,,
Stuttgart.png,x156y592,,,
Stuttgart.png,x705y578,,,
Stuttgart.png,x552y558,,,
Stuttgart.png,x382y538,,,
Stuttgart.png,x274y489,,,
Stuttgart.png,x166y489,,,
Stuttgart.png,x52y489,,,
Stuttgart.png,x832y470,,,
Stuttgart.png,x718y470,,,
Stuttgart.png,x509y460,,,
Stuttgart.png,x518y323,,,
Stuttgart.png,x509y186,,,
Stuttgart.png,x626y88,,,
Stuttgart.png,x411y78,,,
Stuttgart.png,x509y24,,,
Susanville.png,x110y633,,,
Susanville.png,x444y530,,,
Susanville.png,x660y514,,,
Susanville.png,x890y616,,,
Susanville.png,x885y537,,,
Susanville.png,x879y450,,,
Susanville.png,x580y351,,,
Susanville.png,x258y351,,,
Susanville.png,x472y681,,,
Susanville.png,x258y499,,,
Susanville.png,x418y117,,,
Susanville.png,x425y41,,,
Susanville.png,x618y40,,,
Susanville.png,x213y37,,,
Susanville.png,x419y272,,,
Ukiah.png,x764y840,,,
Ukiah.png,x561y840,,,
Ukiah.png,x665y714,,,
Ukiah.png,x228y677,,,
Ukiah.png,x71y674,,,
Ukiah.png,x869y542,,,
Ukiah.png,x160y542,,,
Ukiah.png,x665y542,,,
Ukiah.png,x345y542,,,
Ukiah.png,x666y382,,,
Ukiah.png,x345y382,,,
Ukiah.png,x934y363,,,
Ukiah.png,x111y311,,,
Ukiah.png,x505y265,,,
Ukiah.png,x505y135,,,
Ukiah.png,x505y28,,,
Ukiah.png,x370y28,,,
Ukiah.png,x228y28,,,
Visalia.png,x892y552,,,
Visalia.png,x787y552,,,
Visalia.png,x826y448,,,
Visalia.png,x492y571,,,
Visalia.png,x378y571,,,
Visalia.png,x626y486,,,
Visalia.png,x435y486,,,
Visalia.png,x435y400,,,
Visalia.png,x816y343,,,
Visalia.png,x611y334,,,
Visalia.png,x216y324,,,
Visalia.png,x177y238,,,
Visalia.png,x721y228,,,
Visalia.png,x616y228,,,
Visalia.png,x501y176,,,
Visalia.png,x502y114,,,
Visalia.png,x611y28,,,
Visalia.png,x511y28,,,
Visalia.png,x397y28,,,
WestCovina.png,x270y608,,,
WestCovina.png,x439y575,,,
WestCovina.png,x270y543,,,
WestCovina.png,x439y456,,,
WestCovina.png,x629y386,,,
WestCovina.png,x439y353,,,
WestCovina.png,x439y270,,,
WestCovina.png,x556y156,,,
WestCovina.png,x332y156,,,
WestCovina.png,x72y91,,,
WestCovina.png,x383y71,,,
WestCovina.png,x159y54,,,
WestCovina.png,x872y48,,,
WestCovina.png,x750y48,,,
WestCovina.png,x629y48,,,
WestCovina.png,x508y48,,,
WestCovina.png,x276y46,,,
Whittier.png,x447y533,,,
Whittier.png,x132y531,,,
Whittier.png,x917y406,,,
Whittier.png,x439y379,,,
Whittier.png,x762y373,,,
Whittier.png,x83y367,,,
Whittier.png,x276y369,,,
Whittier.png,x591y364,,,
Whittier.png,x564y228,,,
Whittier.png,x291y223,,,
Whittier.png,x821y215,,,
Whittier.png,x424y191,,,
Whittier.png,x188y168,,,
Whittier.png,x651y161,,,
Whittier.png,x427y127,,,
Whittier.png,x476y53,,,
Whittier.png,x345y45,,,
YubaCity.png,x916y484,,,
YubaCity.png,x445y490,,,
YubaCity.png,x419y473,,,
YubaCity.png,x426y446,,,
YubaCity.png,x595y458,,,
YubaCity.png,x664y385,,,
YubaCity.png,x669y358,,,
YubaCity.png,x553y311,,,
YubaCity.png,x289y303,,,
YubaCity.png,x442y125,,,
YubaCity.png,x473y88,,,
YubaCity.png,x393y85,,,
,,,,
,,,,
